Variation,WACC,EPV Equity
-20%,0.08570011438556469,984112823811.674
-10%,0.09641262868376026,875878065610.3771
0%,0.10712514298195584,789290259049.3394
10%,0.11783765728015144,718445690044.8538
20%,0.128550171578347,659408549207.7828
