Variation,Avg Op Margin,EPV Equity
-20%,0.22218840842679854,633432207239.4714
-10%,0.24996195948014835,711361233144.4054
0%,0.27773551053349815,789290259049.3394
10%,0.305509061586848,867219284954.2732
20%,0.33328261264019776,945148310859.207
