Variation,WACC,EPV Equity
-20%,0.08914206548598388,946500404943.2979
-10%,0.10028482367173186,842444804394.0426
0%,0.11142758185747985,759200323954.6383
10%,0.12257034004322784,691091203595.1257
20%,0.1337130982289758,634333603295.532
