Variation,Avg Op Margin,EPV Equity
-20%,0.22218840842679854,609360259163.7107
-10%,0.24996195948014835,684280291559.1744
0%,0.27773551053349815,759200323954.6383
10%,0.305509061586848,834120356350.1022
20%,0.33328261264019776,909040388745.5659
